Actual,Predicted,Predicted_Binary
-1,-0.9689239058277194,-1
-1,-0.8588106438501717,-1
1,0.8688022955374175,1
-1,-1.0708742707203764,-1
-1,-0.9686672549775286,-1
-1,-0.7902468657935307,-1
1,-0.8280964975525761,-1
-1,-0.5079134523352653,-1
-1,-0.7551690686354953,-1
-1,-0.7753189316527327,-1
1,0.39886624235184587,1
1,0.17774416166295703,1
-1,-0.7882091794473798,-1
-1,-0.9673098606077681,-1
-1,-0.5450834248706418,-1
-1,-0.8910701141454163,-1
-1,-0.30297193295713754,-1
-1,-0.709423820997116,-1
1,-0.2862606108972433,-1
-1,-0.729268740585788,-1
-1,-0.3559778871734008,-1
1,-0.35372511821224273,-1
-1,-0.8078099857349902,-1
-1,-0.8316130214303117,-1
-1,-0.8110689631191885,-1
-1,-0.8232624318593806,-1
1,-0.7803540290635659,-1
-1,-0.9231847340396717,-1
-1,-0.7047896054546781,-1
-1,-0.9154859035826616,-1
-1,-0.938495443725903,-1
1,-0.010374905091656506,-1
-1,-0.8069541142278709,-1
1,-0.6973823871283413,-1
-1,-0.8771760487205255,-1
-1,-0.9580929198719461,-1
-1,-0.8190644543869877,-1
-1,-0.487797411300874,-1
-1,-1.0255470632963637,-1
-1,-0.6514447458630149,-1
-1,-0.7630800347398978,-1
-1,-1.0317745557540616,-1
1,-0.4020779269542484,-1
1,-0.7914285696659373,-1
-1,-0.6741390004912408,-1
-1,-0.653593640869187,-1
-1,-0.6740058870420604,-1
1,-0.38657374119410354,-1
-1,-1.1013234393784574,-1
-1,-0.17915108660837054,-1
-1,-0.8439773879606879,-1
-1,-1.0543751137287523,-1
-1,-0.84319020729189,-1
1,-0.17472985450198875,-1
-1,-0.971233224791677,-1
-1,-0.7614090324752982,-1
-1,-1.0167911739582471,-1
-1,-0.5002299715581912,-1
-1,-1.0183792816402495,-1
1,-0.7625111999659447,-1
1,-0.31431696997197667,-1
1,-0.575696062150957,-1
1,0.09866042494345983,1
-1,-1.0669691181651269,-1
-1,-0.9710106891248769,-1
-1,-0.6566104519609335,-1
-1,-0.7065030089973194,-1
-1,-0.9097140793013605,-1
-1,-0.8474510860150155,-1
-1,-0.6946048773401272,-1
-1,-0.8583282420486852,-1
-1,-0.7294918279603482,-1
-1,-0.9825128238493543,-1
-1,-0.5714539635111202,-1
-1,-0.7643976622213925,-1
-1,-1.0066094616856687,-1
-1,-0.8120347268059703,-1
-1,-1.0504615932895347,-1
-1,-0.8248402024862804,-1
-1,-0.9508801349899332,-1
-1,-0.5333951186299364,-1
1,-0.27689119519713734,-1
-1,-0.5311328749405261,-1
-1,-0.8685141252410037,-1
-1,-1.2746975784576575,-1
-1,-0.8750418114989011,-1
-1,-0.5652264708400511,-1
-1,-0.6999663428266854,-1
1,-0.7202377976906488,-1
-1,-0.9345056540123358,-1
-1,-0.684002030515877,-1
1,-0.4760131436171029,-1
-1,-0.9900122241829435,-1
-1,-0.6438902837190914,-1
-1,-0.8138321507632721,-1
-1,-0.7300192153839109,-1
-1,-0.6039439224542,-1
-1,-0.763934300574372,-1
-1,-0.5940975173666345,-1
-1,-0.7510249277424802,-1
-1,-0.5989517807991755,-1
-1,-0.7096260025994345,-1
-1,-1.1068323417175947,-1
-1,-0.48865696197150965,-1
-1,-0.6657028398850566,-1
-1,-0.7442704995512278,-1
-1,-0.8010537490585475,-1
-1,-0.7989135134691047,-1
-1,-0.7601147959659614,-1
-1,-0.8048225427853699,-1
-1,-0.9736049636517163,-1
-1,-0.6486631486782328,-1
-1,-0.8477571538301276,-1
-1,-0.42447620192886554,-1
-1,-0.8821622837437106,-1
-1,-0.4136524658190598,-1
-1,-0.9052159822496783,-1
-1,-1.0060558452980968,-1
1,-0.5985869598466298,-1
1,1.098347941451887,1
-1,-0.9136905841094511,-1
-1,-0.22075725114130307,-1
-1,-0.9375859581935349,-1
-1,-0.8428464145857077,-1
-1,-0.9041667661199732,-1
-1,-0.8277490538259523,-1
-1,-0.8115426952846233,-1
-1,-0.9876380340976513,-1
-1,-0.7866996917183657,-1
-1,-0.9546977028117952,-1
-1,-0.7988431544006457,-1
-1,-0.763570045925872,-1
-1,-0.7933649163195544,-1
-1,-0.83218971687364,-1
-1,-0.7684640610605621,-1
1,-0.39403357673934947,-1
-1,-0.4753967356103741,-1
-1,-0.6545370307371888,-1
-1,-0.9752235010735401,-1
-1,-0.8746579333940017,-1
-1,-0.9154597369187442,-1
-1,-0.7317245768760166,-1
-1,-0.9531064481933896,-1
-1,-1.0315486101889828,-1
-1,-0.8151832666639303,-1
-1,-0.15872227418026186,-1
-1,-0.892563764828675,-1
-1,-0.8028354863516923,-1
-1,-0.6510050639200224,-1
-1,-0.693958295744675,-1
1,-0.6562046895948798,-1
-1,-0.9497485765278477,-1
-1,-0.9009400293971055,-1
1,-0.7939650721380764,-1
-1,-0.9626295019616942,-1
-1,-0.7544204144753941,-1
-1,-1.1227789216827921,-1
-1,-0.8974120079166641,-1
-1,-0.8876953867965927,-1
-1,-0.845824811653196,-1
1,-0.5553470740093174,-1
-1,-0.9133074415119122,-1
-1,-0.6812675886793307,-1
-1,-0.8072955840056351,-1
-1,-0.8898910117322654,-1
-1,-0.14883154228476048,-1
-1,-0.6046152402469012,-1
1,-0.000218748555708137,-1
-1,-0.7866973102073126,-1
-1,-0.8911608141490721,-1
-1,-0.7583081456764489,-1
-1,-0.7096505677241922,-1
-1,-0.7987525763116685,-1
-1,-0.9088365229929797,-1
-1,-0.8481989286855964,-1
-1,-0.5204988043932858,-1
1,0.11634117827024903,1
-1,-0.8289637291365711,-1
1,0.2967297350886984,1
1,-0.5439130689829406,-1
-1,-0.8549438671018419,-1
-1,-0.9032569983617378,-1
-1,-0.9229734570082052,-1
-1,-0.9271420722890272,-1
-1,-0.6574335757333016,-1
-1,-0.6678665241802979,-1
-1,-0.5957686055138152,-1
-1,-0.8487731667219336,-1
-1,-0.6538460761462135,-1
-1,-0.8730217958622403,-1
-1,-0.8688527401538237,-1
-1,-0.8888117947328185,-1
1,-0.45181221553090056,-1
-1,-0.7148238251867332,-1
1,-0.1680463542052516,-1
-1,-1.0399961818871395,-1
-1,-0.564892143690444,-1
-1,-0.7423341905666699,-1
-1,-0.5938264691031272,-1
-1,-0.48427255049266354,-1
-1,-0.7588588255933344,-1
-1,-0.8639197029239782,-1
1,0.4987217571787643,1
1,-0.5316656790451659,-1
-1,-0.8521361618866677,-1
-1,-1.1126890232978959,-1
1,-0.6848028731755876,-1
-1,-0.7553915315866186,-1
-1,-0.9662553781469879,-1
-1,-0.9230887360763578,-1
-1,-0.8662478036661349,-1
-1,-0.6883268641973849,-1
-1,-0.8620642648399837,-1
-1,-0.8347958871294421,-1
-1,-0.8027717226051733,-1
1,0.008946229315461407,1
-1,-0.8267944885905985,-1
-1,-0.881167393057194,-1
-1,-0.8367878445395086,-1
-1,-0.7817770438859031,-1
-1,-0.9395973408338452,-1
1,-0.633182333027828,-1
-1,-0.8128858373120336,-1
-1,-0.8108213962909017,-1
-1,-0.8634487140800168,-1
-1,-0.6789452535996264,-1
-1,-0.7683125265792364,-1
-1,-0.867160964546218,-1
-1,-0.9894931156189443,-1
-1,-0.8922634237101246,-1
-1,-0.6681320921373937,-1
-1,-0.7877685359487968,-1
-1,-0.6859086927635017,-1
-1,-1.0699327325567292,-1
-1,-0.4787743251217368,-1
-1,-0.6957592714198382,-1
-1,-0.48201131204185377,-1
-1,-0.5267022773421286,-1
-1,-0.8252401616534645,-1
-1,-0.8320808057952963,-1
-1,-0.8725623091427359,-1
-1,-0.5823609892312135,-1
-1,-0.6745822932277042,-1
-1,-0.6311146239064155,-1
-1,-0.9867743226543215,-1
1,-0.4708327779337981,-1
1,-0.7186836335887292,-1
-1,-0.7397563055107313,-1
-1,-0.7787422828691073,-1
-1,-0.7708353265982194,-1
-1,-0.6308922285834325,-1
-1,-0.6337641419802972,-1
-1,-0.663493797043503,-1
-1,-0.8622358921786293,-1
-1,-0.6626796964461058,-1
-1,-0.7956928058053617,-1
-1,-0.85295447761443,-1
-1,-0.7858993201393887,-1
-1,-0.6677151456111018,-1
1,-0.6953881294069019,-1
-1,-0.9729121486686887,-1
-1,-0.6361170364666578,-1
1,-0.6967706976399917,-1
-1,-0.9081597028634243,-1
1,-0.3063991219717175,-1
-1,-0.7813094955915134,-1
-1,-0.8826486148813462,-1
-1,-0.9279706235645,-1
-1,-0.8202061357307932,-1
-1,-0.7727118357019639,-1
-1,-0.6357977805822206,-1
-1,-0.8026078039274973,-1
-1,-0.7467729870741887,-1
1,-0.7571793609046886,-1
-1,-1.0229935849303586,-1
-1,-0.8284177754457072,-1
1,-0.1304015279502858,-1
-1,-0.7960134312687474,-1
-1,-0.8121899535162596,-1
-1,-0.9070167561270156,-1
-1,-0.6082771831619351,-1
-1,-0.8789300763699767,-1
-1,-1.0916251071352687,-1
1,-0.1357699679818859,-1
-1,-0.8104982346955631,-1
1,-0.7250489320081573,-1
-1,-0.7798663498612719,-1
-1,-1.0148197500436718,-1
1,-0.30050551341368315,-1
-1,-0.8632555617603028,-1
-1,-0.6706030628864222,-1
-1,-1.0310113565332342,-1
-1,-0.7337349696793347,-1
-1,-0.5832419617044335,-1
-1,-0.7682091649096701,-1
-1,-0.7794493470551109,-1
1,1.3680635768928264,1
1,-0.5040537214836901,-1
1,-0.03645217479853746,-1
-1,-1.0668944749075966,-1
-1,-0.5764134063726549,-1
-1,-0.7052621761015143,-1
-1,-0.771926905560717,-1
1,-0.446628340809218,-1
-1,-0.7217866088860441,-1
-1,-1.1366805867024419,-1
-1,-0.7185163148804365,-1
1,1.1101832811670684,1
-1,-0.8524850806688556,-1
-1,-0.855002398826715,-1
-1,-0.8858611920253535,-1
-1,-0.31566833982319276,-1
-1,-0.7077929695701841,-1
-1,-0.8441666091963508,-1
-1,-1.05798703617399,-1
-1,-0.7376498996172518,-1
-1,-0.06784768235610716,-1
1,-0.7373681444705701,-1
-1,-0.9262219268379768,-1
1,-0.28494921582356986,-1
-1,-0.920604090119352,-1
-1,-0.7353659611848551,-1
-1,-1.08666696398321,-1
1,-0.6171101437578101,-1
-1,-0.8819987062733741,-1
-1,-0.7857825491174587,-1
-1,-0.854755587296673,-1
-1,-0.8850437230721212,-1
-1,-0.9160970471536013,-1
-1,-0.9237006980403091,-1
-1,-0.7151007853555678,-1
-1,-0.7628932903864594,-1
-1,-1.0928910085311312,-1
-1,-0.8252839827952271,-1
-1,-0.8431504256727136,-1
-1,-0.7751135183195633,-1
-1,-0.8380905364490391,-1
-1,-0.7547701426226046,-1
-1,-0.8064696554285816,-1
-1,-0.8408752572344544,-1
-1,-0.4255260279390297,-1
-1,-0.470499033761808,-1
-1,-0.8401033753646554,-1
-1,-0.7783053212216504,-1
-1,-0.7360765264306949,-1
-1,-0.6466160046551324,-1
-1,-0.832809445707683,-1
-1,-0.6048171681081316,-1
-1,-0.9495716929981067,-1
-1,-0.7123001567898495,-1
-1,-0.5425173944611715,-1
-1,-0.7509784900317352,-1
1,-0.5803988737015114,-1
-1,-0.7666312198585465,-1
-1,-0.8074154252606675,-1
-1,-0.6270553622255077,-1
-1,-0.6241371015860853,-1
-1,-0.915930127961682,-1
-1,-0.7709188288533863,-1
-1,-0.8824917562895134,-1
-1,-0.9153656447254722,-1
-1,-1.0145322523339242,-1
1,-0.46381588770451854,-1
-1,-0.792983167179802,-1
-1,-0.7953697229089904,-1
-1,-0.3114610188362281,-1
-1,-0.8555910027157543,-1
1,-0.03976913824654715,-1
-1,-0.843955764131296,-1
-1,-0.8691197864602385,-1
-1,-0.9402013351903667,-1
-1,-0.9020229693609011,-1
-1,-0.9593493777718469,-1
-1,-0.8402568103642608,-1
-1,-0.7801199206037673,-1
-1,-0.8699474882495242,-1
-1,-0.7750104078625794,-1
-1,-0.7519385264113777,-1
-1,-0.7345126364183889,-1
-1,-0.5352791614007971,-1
-1,-0.6734282269150691,-1
-1,-0.8391764009546768,-1
1,-0.2246911225636823,-1
-1,-0.6986709845413128,-1
-1,-0.09484962091774818,-1
-1,-0.4291445437516721,-1
-1,-1.0397712663452343,-1
-1,-0.877970692644069,-1
1,-0.23633984638359673,-1
1,-0.19475829045753223,-1
-1,-0.6726911156685742,-1
-1,-0.8010169507831011,-1
-1,-0.8030236793600454,-1
-1,-0.6600329302252431,-1
-1,-0.7140641861461275,-1
-1,-0.9022453570465437,-1
1,-0.5123007192643224,-1
-1,-0.8108023284115254,-1
-1,-0.2869524512229347,-1
1,-0.584233209009731,-1
1,0.29221426695465524,1
-1,-0.9104864823851877,-1
1,-0.3437381798769962,-1
-1,-0.7233315540514287,-1
-1,-0.8969368003573213,-1
1,-0.39022800313055084,-1
-1,-0.7924036675285353,-1
-1,-0.9590891241291821,-1
-1,-0.8898202742373749,-1
-1,-0.7087429104254654,-1
-1,-0.6152823282445907,-1
-1,-0.9736926578069964,-1
-1,-0.9007753192084208,-1
1,0.2236999287850563,1
-1,-0.653429016356461,-1
-1,-0.6551710015547604,-1
-1,-1.1303807784708657,-1
1,-0.3273963325807121,-1
-1,-0.900061681730946,-1
-1,-0.8287756184975453,-1
-1,-0.7824106871162265,-1
-1,-0.6304656574784392,-1
-1,-1.0652280732215818,-1
-1,-0.9002988028224855,-1
-1,-0.9001253548802646,-1
-1,-0.841127974846654,-1
-1,-0.8333712648673369,-1
-1,-0.6657319408729895,-1
-1,-0.28958589333494705,-1
-1,-0.7419583759318039,-1
-1,-0.8732326378217845,-1
-1,-0.8142997631638226,-1
-1,-0.9946564812478585,-1
-1,-0.8364903695859414,-1
-1,-0.7263240972130308,-1
-1,-0.495943048936514,-1
-1,-0.9186616593830007,-1
-1,-0.9471664145630173,-1
-1,-0.6390337764995395,-1
1,0.8612384606006422,1
-1,-0.7810508760907063,-1
-1,-0.881598275897161,-1
-1,-0.59196274675165,-1
-1,-0.85295004890435,-1
-1,-0.7112029517520272,-1
-1,-0.6957843285779564,-1
-1,-0.7802847886292131,-1
1,-0.113886859218014,-1
1,0.7697818923936681,1
-1,-0.9738178095607019,-1
-1,-0.8458573517572109,-1
-1,-0.9511718817704875,-1
-1,-0.9914392376646,-1
-1,-0.6561017412452907,-1
-1,-0.8523430440026677,-1
1,-0.6740310607976315,-1
-1,-0.7469174594820231,-1
-1,-0.6925849975651198,-1
-1,-0.8677526540691322,-1
-1,-0.838927259411699,-1
1,-0.31218018372420614,-1
1,-0.3965217571694571,-1
-1,-0.7319403753622814,-1
-1,-1.121892610812543,-1
-1,-0.8385936917084592,-1
-1,-0.5040198580412618,-1
1,-0.3150030144910511,-1
-1,-0.6818261334473544,-1
-1,-0.8268397176353441,-1
-1,-0.5967603119316605,-1
-1,-0.7779545022754867,-1
-1,-0.9283272889658686,-1
-1,-0.7720910998214522,-1
-1,0.0327437623252963,1
-1,3.143824529651038,1
-1,-0.8438924142790258,-1
-1,-0.7512503768192632,-1
-1,-0.7723547894667682,-1
-1,-0.8550469037263746,-1
-1,-1.0668944749075966,-1
1,-0.6449943776262885,-1
-1,-0.8486617909560171,-1
-1,-0.7246236145856259,-1
-1,-0.8662945180904216,-1
-1,-0.7628206776598953,-1
-1,-0.7703731041571331,-1
-1,-0.6539469213974832,-1
-1,-0.7813724996665953,-1
-1,-0.7508773788544071,-1
-1,-0.6206699982481059,-1
-1,-0.6989711968207176,-1
-1,-0.8017498401835046,-1
-1,-0.6735373437798763,-1
-1,-0.8619170231536576,-1
1,0.08450156995791114,1
-1,-0.4458753739120827,-1
-1,-0.8298356569822456,-1
-1,-1.0248203556178117,-1
1,-0.7606234835818871,-1
1,0.5072984155272102,1
1,-0.3810758967390032,-1
-1,-0.6538666339043512,-1
-1,-0.8670881657559453,-1
-1,-0.8811020398484102,-1
-1,-0.3298977004678918,-1
1,-0.11702672433706918,-1
-1,-0.927193582090998,-1
-1,-0.8574417966392359,-1
-1,-0.8000966373256629,-1
-1,-0.698154223369465,-1
-1,-0.6035732032794966,-1
-1,-1.0881132442306864,-1
1,-0.8704684959983492,-1
-1,-0.714679884340143,-1
1,-0.7609940079041142,-1
1,-0.541923852132458,-1
-1,-0.982643339272069,-1
-1,-0.7559324473763445,-1
-1,-0.7834280093048516,-1
-1,-0.575004572203502,-1
1,0.02591852018481222,1
-1,-1.2047173687451398,-1
-1,-0.7219351849276124,-1
-1,-0.6339684119419476,-1
-1,-0.908922134681871,-1
-1,-0.3447152423310966,-1
-1,-0.8713644256532184,-1
-1,-0.8595748288309456,-1
-1,-0.8679883533495172,-1
-1,-1.050310105060652,-1
1,0.1666781164200387,1
-1,-0.7655651763847438,-1
-1,-0.750101928899923,-1
1,-0.5041877986601284,-1
-1,-0.7984551441628387,-1
-1,-0.9315068571856748,-1
-1,-0.7207656250298359,-1
-1,-0.8461892754800098,-1
-1,-0.9326134168648332,-1
-1,-0.8538063045177522,-1
-1,-0.6844633926367595,-1
-1,-0.9923421704835934,-1
1,-0.09555731398720801,-1
-1,-0.8793148591646123,-1
1,-0.5232742863033433,-1
-1,-0.768635344760976,-1
-1,-0.9944245645255496,-1
-1,-1.0664679412675044,-1
-1,-0.6929585144318036,-1
-1,-0.9277071967656045,-1
-1,-0.6374241148308912,-1
1,-0.5827571532125719,-1
-1,-0.8099757816066534,-1
-1,-0.4834675909202019,-1
-1,-0.5597486359090671,-1
-1,-0.6019863195801815,-1
-1,-0.8628229809207268,-1
-1,-0.9118665506117375,-1
-1,-0.9642357121173905,-1
1,-0.36040017072573566,-1
-1,-0.7533536834608147,-1
-1,-0.8340517925292592,-1
-1,-0.8392909929267498,-1
-1,-0.29523302662177303,-1
-1,-0.8062961727491568,-1
1,-0.21542530644700886,-1
-1,-0.8323788260911039,-1
-1,-1.0000566468048606,-1
1,-0.7298960072164332,-1
-1,-0.4533851448040613,-1
-1,-1.072698626045941,-1
-1,-0.29553630814321,-1
-1,-0.811219703741485,-1
1,-0.5433939217170565,-1
-1,-0.563486295617879,-1
-1,-0.7328286961842473,-1
-1,-1.0571468419983123,-1
-1,-0.5374639537675955,-1
1,-0.676391202937506,-1
-1,-1.084411351394831,-1
-1,-0.4982768260334015,-1
1,-0.2811887531800049,-1
-1,-0.5266461545707944,-1
-1,-0.7001439470451182,-1
-1,-0.6232157689653934,-1
-1,-0.7780919723152995,-1
-1,-0.9676627394338866,-1
1,-0.5540082208906709,-1
-1,-0.5645576016510045,-1
-1,-0.95595062923239,-1
-1,-0.5892725077379117,-1
-1,-0.8111966022155905,-1
-1,-0.6209040939973752,-1
-1,-0.8787076681774144,-1
-1,-0.7863465151709128,-1
-1,-0.5075057913546793,-1
-1,-0.8872536131381168,-1
-1,-0.39142522251822554,-1
1,-0.6568664434052578,-1
-1,-0.9359380901322945,-1
-1,-0.8685517676850616,-1
-1,-0.6339032285988913,-1
-1,-0.7723467679721417,-1
-1,-0.11075018152519622,-1
-1,-0.9559429854138638,-1
-1,-0.8510854401522746,-1
-1,-1.05738850751018,-1
-1,-0.8189370706038707,-1
-1,-0.5480973715291704,-1
-1,-0.868978620794322,-1
-1,-0.6619421993245151,-1
-1,-0.6096045442191238,-1
1,-0.5534256141215567,-1
-1,-0.9487479745300352,-1
-1,-0.9954539580514263,-1
-1,-0.5486657746815037,-1
1,-0.18108592257019251,-1
-1,-0.8349723132690803,-1
-1,-0.7212820219602968,-1
-1,-0.5878784080583873,-1
-1,-0.7747427277645511,-1
-1,-0.6883302221921338,-1
-1,-0.9305774392688528,-1
-1,-0.48071170747937914,-1
-1,-0.7573418429299619,-1
-1,-0.9546583073794332,-1
-1,-1.0905072998910628,-1
-1,-0.9692578438797417,-1
1,-0.5181867918591178,-1
-1,-0.9463235081932212,-1
1,-0.3682980578672333,-1
1,-0.6667907065655163,-1
-1,-0.6781822203997816,-1
-1,-0.8906727861814786,-1
-1,-0.9113322044703557,-1
-1,-0.844067642580587,-1
-1,-0.9181623212103418,-1
1,1.3684940708089968,1
1,-0.06130160660332462,-1
-1,-0.8945621531524808,-1
-1,-0.6558346986484007,-1
-1,-0.831073644075,-1
-1,-1.1178968166635643,-1
-1,-0.8746113926317883,-1
-1,-0.89621557810406,-1
-1,-0.9091155876520808,-1
-1,-0.7147460202530632,-1
-1,-0.9029169313184554,-1
-1,-0.8075734536783669,-1
1,-0.08543650208965148,-1
-1,-1.0807487740371935,-1
-1,-0.5529673686021388,-1
-1,-0.48398350288425784,-1
-1,-0.893056539537851,-1
-1,-0.895783800339204,-1
-1,-0.7929818718679906,-1
1,-0.2885733190165244,-1
1,-0.4023309558278221,-1
-1,-0.5100068865449523,-1
-1,-0.9279106950029595,-1
-1,-0.8491800716006351,-1
1,-0.5697379610630682,-1
-1,-1.0517766116668754,-1
-1,-0.837786839867061,-1
1,-0.6636189626691066,-1
-1,-0.9978107690755038,-1
-1,-0.7774070745606934,-1
-1,-1.020602591130849,-1
-1,-0.7981594373972042,-1
-1,-0.5571975846817252,-1
-1,-0.7246768497845059,-1
-1,-0.6247868117721345,-1
-1,-0.8544400128759112,-1
-1,-0.937922529372887,-1
-1,-1.0185047736339032,-1
-1,-0.7847094799117996,-1
-1,-0.7212014192309698,-1
-1,-0.855017610144754,-1
-1,-0.8781333406317671,-1
-1,-0.5989636423137784,-1
-1,-1.0684427292454186,-1
-1,-1.0562010379021163,-1
-1,-0.7795242387450996,-1
-1,-0.7295284644754646,-1
1,-0.344722509737801,-1
-1,-0.9996436228652235,-1
-1,-0.6835156591326732,-1
-1,-0.8239256893606509,-1
-1,-1.1367884417590157,-1
-1,-0.35020824804720113,-1
-1,0.5282059611861403,1
-1,-0.7978370927096623,-1
-1,-0.8866394036956199,-1
-1,-1.0335099200495441,-1
-1,-0.9241416381046833,-1
-1,-0.8269620292077753,-1
1,-0.27975708563609886,-1
-1,-0.8503628027079118,-1
-1,-0.7255036796307099,-1
-1,-0.9338200788981053,-1
-1,-0.9767845383093088,-1
-1,-0.6017560872026929,-1
-1,-0.7725236877115047,-1
-1,0.6984849379102887,1
1,-0.33014841420644264,-1
-1,-0.5969863819851597,-1
-1,-0.3685392746385628,-1
1,-0.5858321147285954,-1
-1,-0.8417528163728119,-1
-1,-0.4803611253081319,-1
-1,-0.8949386544384275,-1
-1,-1.057581498593052,-1
-1,-0.8493083179983981,-1
-1,-0.8040903052448688,-1
-1,-0.8018559730096906,-1
-1,-0.9066583342277114,-1
-1,-0.897051887501888,-1
-1,-0.6103668989335256,-1
-1,-0.9293301904468694,-1
-1,-0.7064026343016426,-1
-1,-0.9223710609313227,-1
1,0.9012069363212778,1
-1,-1.0586173731470692,-1
-1,-0.8826429083530867,-1
-1,-0.8869885366427217,-1
1,0.005333652154466795,1
1,-0.2091985347990497,-1
-1,-0.7100841809873892,-1
1,-0.04591538442718757,-1
1,0.46349979800668484,1
-1,-0.7028011754889363,-1
1,-0.07656342141826078,-1
-1,-0.6078890962408035,-1
1,-0.4149552031755372,-1
1,-0.6101876921457607,-1
-1,-0.7330580709600363,-1
-1,-0.8660668277227058,-1
-1,-0.9660211809361722,-1
-1,-0.8604420095601737,-1
-1,-1.0657714563849956,-1
-1,-0.6405082576294374,-1
-1,-0.8935258779481523,-1
-1,-0.8807097078038375,-1
1,0.46458383535389514,1
-1,-0.4799589055344434,-1
-1,-1.0668944749075966,-1
-1,-0.825900650073309,-1
-1,-0.6449219246669764,-1
-1,-0.8761938773812812,-1
1,0.09033752148168228,1
-1,-0.8191911299316395,-1
1,-0.3876415248763049,-1
-1,-1.0422159508601532,-1
-1,-0.8611448727620012,-1
1,-0.723773369739473,-1
1,-0.13788718423167834,-1
-1,-0.6661316943376245,-1
-1,-0.864680490896474,-1
-1,-0.8558298579521617,-1
-1,-0.8419223299006686,-1
-1,-1.009118703563566,-1
-1,-0.7919789806351241,-1
-1,-1.0758957548943937,-1
1,-0.5418306092658144,-1
-1,-0.5546798250762642,-1
-1,-0.8088967593985531,-1
1,-0.8415167059509218,-1
-1,-0.4608213050317528,-1
-1,-0.7530742437140524,-1
1,-0.3846997710697251,-1
1,0.004906029546609347,1
-1,-0.9347425806097514,-1
-1,-0.6373324898239511,-1
-1,-1.0203444851517127,-1
-1,-0.6914987324822701,-1
-1,-1.0389022035300794,-1
-1,-0.7779027864709106,-1
-1,-0.8753839102525628,-1
-1,-0.2825704480143574,-1
-1,-0.8140834005072155,-1
-1,-0.837544179322004,-1
-1,-0.8906433693352541,-1
-1,-0.8271495823423201,-1
-1,-0.7593522159170926,-1
-1,-0.7004012735062779,-1
-1,-0.7585210263326011,-1
-1,-0.7047254749699617,-1
-1,-0.8144354764947495,-1
-1,-0.8965351915106182,-1
-1,-1.1140438877328047,-1
-1,-0.7637952337601193,-1
-1,-0.8202222598154348,-1
-1,-0.9659868102763407,-1
-1,-0.7325377181109699,-1
-1,-0.9531070166755397,-1
-1,0.15609482238575023,1
-1,-0.6883712681103867,-1
-1,-0.3994834565309693,-1
-1,-0.6232479449957926,-1
-1,-0.8643786649210016,-1
-1,-0.7758695260866109,-1
1,-0.3040177052939678,-1
-1,-0.9508524120918314,-1
-1,-0.7641171439454367,-1
-1,-1.028689079074772,-1
-1,-0.8649557389187497,-1
-1,-0.9577678274389739,-1
-1,-0.4971274994106162,-1
-1,-0.578223412400052,-1
-1,-0.766231244572878,-1
-1,-0.9213375211101771,-1
-1,-0.9720981413642867,-1
-1,-0.6449908209716273,-1
-1,-0.655714556658745,-1
-1,-0.8474318287990386,-1
-1,-0.7831735224576155,-1
-1,-0.5704392354347951,-1
-1,-0.9553159346719228,-1
-1,-0.8206995526605364,-1
-1,-0.9476923187610427,-1
-1,-0.14605065809659012,-1
-1,-0.7391240903680933,-1
-1,-0.9724170048584149,-1
-1,-0.5692717394777561,-1
-1,-0.5525556560601074,-1
-1,-0.2053499637333298,-1
-1,-0.7327377372243391,-1
-1,-0.7180115695490503,-1
-1,-0.9421642485942254,-1
-1,-0.7760713300444992,-1
-1,-0.6255117236536933,-1
-1,-0.8771409011063659,-1
1,-0.5966939430274729,-1
-1,-0.8771513512804686,-1
-1,-0.5179024204019819,-1
1,0.2797148528187965,1
-1,-0.9364229828271969,-1
1,-0.6361793697792447,-1
-1,-0.8728664650904893,-1
-1,-0.8582858924614493,-1
-1,-0.8533453193840104,-1
-1,-0.9534992598706736,-1
-1,-0.6366424292369351,-1
-1,-0.9729045474711755,-1
-1,-0.6566725911281466,-1
-1,-1.0526925825591138,-1
-1,-0.770434518709571,-1
-1,-0.629400353408387,-1
-1,-0.7671019942998101,-1
-1,-0.7647456789418832,-1
-1,-0.845274042472361,-1
-1,-0.6687805267955212,-1
-1,-0.7606536606821367,-1
-1,-0.8024102834134362,-1
1,-0.7988849240944634,-1
-1,-0.5524193951464182,-1
-1,-0.6685384390340972,-1
1,-0.0007931787752785135,-1
-1,-0.6614304082864284,-1
-1,-0.8527439295685739,-1
-1,-0.6643117698672655,-1
-1,-0.6802486091374587,-1
-1,-0.6561847814177897,-1
-1,-0.8398388569369948,-1
-1,-0.9222961771328372,-1
-1,-0.787596655833697,-1
-1,-0.8958102588113133,-1
-1,-0.8088121167996879,-1
-1,-0.8743447004411764,-1
1,-0.21349122889038474,-1
-1,-0.9133644196024782,-1
-1,-0.7480742762232747,-1
-1,-0.9423646955923888,-1
-1,-0.8299274373632385,-1
-1,-0.8344963196594324,-1
-1,-0.17128339917010293,-1
-1,-0.888913072337948,-1
-1,-1.0258446723779466,-1
-1,-0.89027547749519,-1
-1,-0.12863911126086625,-1
-1,-0.8399363001839774,-1
-1,-0.8495276343077252,-1
-1,-0.5562537975635915,-1
-1,-0.717422495124394,-1
-1,-0.6056005700093552,-1
1,-0.5823854384965843,-1
-1,-0.8580600880476253,-1
1,-0.24789918581061077,-1
-1,-0.6547646633937872,-1
-1,-0.6873879827317925,-1
-1,-0.7027706452120227,-1
-1,-0.900565412705158,-1
1,-0.6688483907632096,-1
-1,-0.8288174511983399,-1
-1,-0.8125272368316465,-1
-1,-0.9326443937505405,-1
-1,-0.865460190123736,-1
-1,-0.9609908228735627,-1
-1,-0.8994302502368097,-1
-1,-0.7244683526145415,-1
1,-0.30034548183914656,-1
-1,-0.9215381934259631,-1
1,-0.44990572236836607,-1
-1,-0.23214410319280676,-1
-1,-0.8208423978910352,-1
1,-0.42535812390831734,-1
-1,-1.1199193983609113,-1
1,0.15079817626491865,1
-1,-0.9101209202315221,-1
1,-0.17113814211259548,-1
-1,-0.8388094817959841,-1
-1,-0.15124356182141918,-1
-1,-0.6539278552382465,-1
-1,-0.7617408126662303,-1
1,-0.21213705631425184,-1
-1,-0.8455953912359475,-1
1,-0.30246452032115606,-1
-1,0.6341020106959392,1
-1,-0.8884045815399684,-1
-1,-0.6513862793772774,-1
-1,-0.9289085581054183,-1
-1,-0.7957852638480438,-1
-1,-0.7381148788081385,-1
1,-0.6358863847496836,-1
-1,-0.8791103452129224,-1
-1,-0.3689679590313315,-1
-1,-0.6138305648343725,-1
-1,-0.8800127142681514,-1
-1,-0.7668352934308321,-1
-1,-0.7089118264813205,-1
-1,-1.0608290770950588,-1
-1,-0.5332400155470673,-1
1,-0.251923934362155,-1
-1,-0.7995993967630808,-1
-1,-0.7345949772384304,-1
-1,-0.8930037346960045,-1
-1,-0.7011998288905388,-1
-1,-0.8128266928402652,-1
-1,-0.8789822767763027,-1
-1,-0.59310102827191,-1
-1,-0.5516297079896961,-1
-1,-0.9568645787212383,-1
1,0.844144096145028,1
-1,-0.6690436263985472,-1
-1,-0.5566557873490949,-1
-1,-0.7988051996416081,-1
-1,-0.7131541698081293,-1
-1,-0.8451510211950295,-1
-1,-0.7925248398558812,-1
-1,-0.7959029418073651,-1
-1,-0.8487347906696149,-1
-1,-0.5496134547851175,-1
-1,-0.843720573004654,-1
1,-0.653036904820078,-1
-1,-0.9891755452035472,-1
-1,-0.4757337243397307,-1
1,-0.7712583978908474,-1
-1,-0.6521773488015303,-1
-1,-0.4965561815841012,-1
-1,-0.9560223638604921,-1
-1,-0.9388169927819556,-1
-1,-0.9310451221252196,-1
-1,-0.6947875577937541,-1
-1,-0.693095691996709,-1
-1,-0.8599339588918629,-1
-1,-0.8646152310735494,-1
-1,-0.9016687472777746,-1
-1,-0.7859168985528717,-1
-1,-0.7293657240656428,-1
-1,-0.7257941790164397,-1
-1,-0.77853442208717,-1
-1,-0.6001348188027965,-1
-1,-0.8157119499418188,-1
-1,-0.9270597427436622,-1
-1,-0.3782763327631036,-1
-1,-0.7923698224117334,-1
1,-0.6020605865374651,-1
-1,-0.6262191660675158,-1
-1,-0.6525126909546993,-1
-1,-0.9845009921473563,-1
-1,-0.7965602947804185,-1
-1,-0.6770780655332118,-1
-1,-0.5023339277970845,-1
-1,-0.7237110125007391,-1
-1,-0.6309578407556122,-1
-1,-0.5885638322502194,-1
1,-0.6982126283828194,-1
-1,-0.8209242152411879,-1
-1,-0.4692668125299799,-1
1,-0.515257383545999,-1
-1,-0.22706324987091164,-1
-1,-0.74515077720543,-1
-1,-0.893359531296515,-1
1,0.19845992822317227,1
-1,-1.0352226110033134,-1
-1,-0.7489476010947007,-1
-1,-0.8758475793896134,-1
-1,-1.1185243139707404,-1
-1,-0.9185453573698226,-1
-1,-0.7370373623374308,-1
1,-0.7396815599007521,-1
-1,-0.814260260393904,-1
-1,-0.9057253030595561,-1
-1,-0.6262433062690039,-1
-1,-0.8484629759799179,-1
-1,-0.8317541174235135,-1
-1,-0.47605563685412744,-1
-1,-0.7192584574148565,-1
-1,-0.6960796832479658,-1
-1,-0.5422380315715012,-1
-1,-0.761052376894312,-1
-1,-0.9198353192971389,-1
-1,-0.7188744490356199,-1
-1,-0.7199820817409928,-1
-1,-0.5089623433328946,-1
-1,-0.8506805288488545,-1
-1,0.12057308787682897,1
-1,-0.8799502673803923,-1
-1,-0.8061467579862754,-1
-1,-0.4163791422588895,-1
-1,-1.0055767113399203,-1
-1,-0.8085934464898353,-1
-1,-0.7952555146046496,-1
-1,-0.8564852868387621,-1
-1,-0.6306659613314507,-1
-1,-1.100039563463775,-1
-1,-0.9800178343050574,-1
1,-0.563126973433784,-1
-1,-0.6242544875212089,-1
-1,-0.796478704575882,-1
-1,-0.11902918880831381,-1
-1,-0.6893861465621334,-1
1,-0.2826327134537755,-1
-1,-0.8913275611412697,-1
-1,-0.6903546675972118,-1
-1,-0.40310656934760924,-1
-1,-0.6129615906979176,-1
-1,-0.8078535483167771,-1
-1,-0.5658241528584291,-1
-1,-0.8044460524023146,-1
-1,-0.4168980907265439,-1
-1,-0.9809946063995432,-1
1,-0.6557689997978698,-1
-1,-0.6250345900134641,-1
-1,-0.35719393139134303,-1
-1,-0.792945174251966,-1
1,-0.36943741713424216,-1
1,-0.6566954800396796,-1
-1,-0.8879562221040024,-1
-1,-0.8366018511593439,-1
-1,0.6513725843127076,1
-1,-0.6832477541030301,-1
-1,-0.562667780761664,-1
1,-0.779937844296404,-1
1,-0.6802549833898327,-1
-1,-0.6200515733852706,-1
1,-0.7257616651712457,-1
-1,-0.8716536398771746,-1
-1,-0.7460054824274935,-1
-1,-0.721531279295695,-1
-1,-0.8139594388955445,-1
-1,-0.7180082244468836,-1
-1,-0.8031104371467727,-1
-1,-0.7795458961928514,-1
1,-0.09141192077477245,-1
-1,-0.7578577395195586,-1
-1,-1.093105402499242,-1
-1,-0.7026702688588804,-1
-1,-0.7984198344880787,-1
-1,-0.8103512242489284,-1
-1,-0.8134453325308264,-1
-1,-0.6797291351718532,-1
-1,-0.8582500598385377,-1
-1,-0.3270512763903194,-1
-1,-1.0456352149336703,-1
-1,-0.608291272832985,-1
-1,-0.6636007809134955,-1
1,-0.5949498551758786,-1
-1,-0.7685015292998812,-1
-1,-0.9272828419598469,-1
-1,-1.1016245562920393,-1
-1,-0.7490520999030226,-1
-1,-1.0296151520754837,-1
-1,-0.915205623642545,-1
-1,-1.0642473410838513,-1
1,-0.5685727107358132,-1
1,-0.3568825715409789,-1
-1,-0.7519414163470679,-1
-1,-1.069640168015984,-1
-1,-0.9135079666032482,-1
-1,-0.9466860192024172,-1
-1,-0.9519850660875377,-1
-1,-0.8220305352842794,-1
1,0.31611076334241517,1
-1,-0.8642315795761149,-1
-1,-0.7433646186997768,-1
-1,-0.8433238185235533,-1
-1,-0.8233066622481942,-1
1,0.2719241116221063,1
-1,-0.7014473629194329,-1
-1,-0.6314678725674041,-1
-1,-0.791271837606692,-1
1,-0.4294238734259326,-1
1,1.6694204854415322,1
-1,-0.6342382536374988,-1
1,0.6155318692079326,1
1,-0.3336641524175314,-1
-1,-0.8165106610567731,-1
-1,-0.602035894243585,-1
-1,-0.7342691226500588,-1
-1,-1.0456352149336703,-1
-1,-0.8834942552761824,-1
-1,-0.9622813408217037,-1
-1,-0.833727208888701,-1
-1,-0.7565988626194002,-1
1,-0.7299449575207697,-1
-1,-0.9093785138107094,-1
-1,-1.0844283665639596,-1
-1,-0.7245098308800728,-1
-1,-0.8555629061740184,-1
-1,-0.5949911453549179,-1
-1,-0.8391976250889716,-1
-1,-0.7959898168235987,-1
-1,-0.639645439168022,-1
-1,2.3310400153703226,1
1,-0.09833629537650412,-1
-1,-0.9202626972459559,-1
-1,-0.8742858149773421,-1
-1,-0.7801679285721163,-1
1,-0.6000763246709813,-1
-1,-0.915267579541785,-1
-1,-0.7732626303693326,-1
-1,-0.8736034624120022,-1
-1,-0.9529087981317187,-1
-1,-0.6863136609418323,-1
-1,-0.8785584748206228,-1
-1,-0.5637263197954558,-1
1,-0.23077467082976022,-1
-1,-0.7219153782171949,-1
-1,-0.8805051399573562,-1
-1,-0.8474607222326651,-1
-1,-0.7947137317501787,-1
-1,-0.8049462755980966,-1
-1,-0.8357852454450416,-1
-1,-1.0593524834583876,-1
-1,-0.9892459922933661,-1
-1,-0.6751805799723325,-1
1,2.1133628648135305,1
-1,-0.7976888058340775,-1
-1,-0.8378872875868775,-1
-1,-0.81218521204203,-1
-1,-0.8873896272184536,-1
-1,-0.6786090808752856,-1
-1,-0.7643748044630873,-1
-1,-0.8864317153058963,-1
-1,-0.7216459875254808,-1
-1,-1.0352226110033134,-1
1,-0.6256125622887851,-1
-1,-0.572116385860539,-1
-1,-0.25478561626291385,-1
-1,-0.8677352265628782,-1
-1,-0.850683038791541,-1
-1,-0.9323252154594546,-1
1,-0.4286151725263706,-1
1,0.13232375190089074,1
-1,-0.705448016887027,-1
1,-0.7471661111400552,-1
-1,-0.710223294381277,-1
1,-0.7275436141171572,-1
-1,-0.6295983106966174,-1
-1,-0.23094398191214816,-1
-1,-1.0668944749075966,-1
-1,-0.8407206444003592,-1
-1,-1.0344142428019376,-1
-1,-0.6826125927843336,-1
-1,-0.8434264600754993,-1
-1,-0.8961848934207628,-1
-1,-0.9411330778235245,-1
-1,-0.870846766095213,-1
1,-0.3365808849446055,-1
1,0.5639937216055548,1
1,1.2060980415080635,1
1,-0.22702203526385112,-1
-1,-0.8110177921570085,-1
-1,-0.8922246131139809,-1
-1,-0.9023655385289078,-1
-1,-0.6389222948795124,-1
-1,-1.0781996219259082,-1
1,-0.43353682297168505,-1
-1,-0.6161439178976539,-1
-1,-1.0661574993742513,-1
-1,-0.9453247898104857,-1
-1,-0.4808442427575964,-1
-1,-0.15089759428616312,-1
1,-0.6937796701672517,-1
-1,-0.6064051424587602,-1
-1,-0.7384262734364954,-1
-1,-0.9517164351041081,-1
-1,-0.9019694722351193,-1
-1,-0.7896825189529352,-1
1,-0.3728939294590883,-1
-1,-0.8384902011026955,-1
-1,-0.16076519137106815,-1
-1,-0.6440196242617585,-1
1,0.26972729849752053,1
1,0.6649534461912014,1
-1,-0.824347583492266,-1
-1,-0.7681811615848515,-1
-1,-0.8538627667518824,-1
1,-0.4690894330751143,-1
-1,-0.7600611553614569,-1
-1,-0.8114516771761556,-1
-1,-0.9886780116756754,-1
-1,-0.7384392622406415,-1
-1,-0.8638420745161274,-1
-1,-0.5969094604317418,-1
-1,-0.9144233233677613,-1
-1,-0.7480293764006605,-1
1,0.08336424051858671,1
-1,0.6576239598247455,1
-1,-0.8919696620224185,-1
-1,-1.0728821691076058,-1
-1,-0.8921569852662372,-1
-1,-0.8995899741121505,-1
-1,-0.6491142620554488,-1
-1,-0.44605861461521634,-1
-1,-1.0286817248108795,-1
-1,-1.0465263613843223,-1
-1,-0.5664130666679507,-1
-1,1.4661863792560939,1
-1,-0.12134331324351555,-1
-1,-0.8516124667369307,-1
-1,-0.8040997265532961,-1
-1,-0.7096966777192635,-1
-1,0.22025048243615586,1
1,-0.8268844895087732,-1
-1,-0.5943491298033319,-1
-1,-1.0090262050737395,-1
-1,-0.34970491972634365,-1
-1,-0.7878930994806339,-1
-1,-1.0812436178894518,-1
-1,-0.7187835688764045,-1
-1,1.8824986583917103,1
1,-0.16273286701678036,-1
-1,-0.9563989130869852,-1
-1,-1.1303175773993313,-1
-1,-0.7755555279002304,-1
-1,-0.7599530269929297,-1
-1,-0.9048164064207466,-1
-1,-0.8677181723151283,-1
-1,-0.8780749150540681,-1
-1,-0.9202828064349653,-1
-1,-0.5627207139861827,-1
-1,-0.9011071115108191,-1
-1,-0.8252101280984745,-1
-1,-0.6674243508222015,-1
-1,-0.9386598240244528,-1
-1,-0.9883465887343661,-1
-1,-0.8117818466101326,-1
-1,-0.7280697505123419,-1
-1,-0.8103903463713091,-1
-1,-0.5813020129001398,-1
1,-0.5236011572413088,-1
-1,-0.8654069874743506,-1
-1,-0.6258446277014811,-1
-1,-0.7423346768554021,-1
-1,-0.5939549710306408,-1
-1,-0.8317882002329418,-1
1,-0.48689837882473375,-1
-1,-0.6459448504341362,-1
-1,-0.8795150677423663,-1
-1,-0.8890288570574743,-1
1,-0.7340814556477233,-1
-1,-0.8226532847500051,-1
-1,-0.8886511038246696,-1
-1,-0.7610625263809667,-1
1,-0.39076949522053805,-1
-1,0.33153142653584045,1
-1,-0.8797840024193656,-1
-1,-0.8699674957388396,-1
-1,-0.792115209895103,-1
-1,-0.8200418873973677,-1
-1,-0.8204610438349524,-1
1,-0.577421796187447,-1
1,-0.591675208700956,-1
-1,-0.7198853366328046,-1
-1,-0.7533375385799244,-1
1,-0.6458329901759585,-1
-1,-0.7390867702050672,-1
-1,-0.7559287081336357,-1
-1,-0.8323051900021224,-1
-1,-0.8633850432735058,-1
-1,-0.6560318009367198,-1
-1,-0.49581486951438425,-1
-1,-1.0080506288279643,-1
-1,-0.7729809681534185,-1
-1,-0.9011133291945763,-1
-1,-0.3982251672773547,-1
1,0.3084223311462162,1
-1,-0.5994206566229026,-1
1,-0.7239660837597256,-1
-1,-0.8039748973541289,-1
-1,-0.7871959901085029,-1
1,-0.7080604601832889,-1
-1,-0.5567167353217963,-1
-1,-0.8984081584545739,-1
1,-0.5348742311925767,-1
-1,-0.6798948060192157,-1
-1,-0.8336207370425386,-1
-1,-0.9929393561742269,-1
1,-0.5905377914141525,-1
-1,-0.7451617527584334,-1
1,-0.464162185408857,-1
-1,-0.9460983189042083,-1
-1,-0.8582422943067669,-1
-1,-0.5408810546681116,-1
-1,-0.9454612555996211,-1
-1,-0.6995364370713651,-1
-1,-0.6454223474495744,-1
-1,-0.9724973512593483,-1
-1,-0.4677387016664305,-1
-1,-0.6904068801111103,-1
-1,-0.605376403691724,-1
-1,-0.8666030111599409,-1
1,0.14982603728967958,1
-1,-0.9226787642651753,-1
1,-0.6463848668958925,-1
-1,-0.7757048654791014,-1
-1,-0.9385124214547667,-1
-1,-0.6008214528881615,-1
-1,-0.9584204467610865,-1
-1,-0.8464117154145386,-1
-1,-0.7677873331468263,-1
-1,-1.0720437747434,-1
-1,-0.79718177461117,-1
-1,-0.9071098944181403,-1
-1,-0.24661827221383892,-1
-1,-1.0288036380767056,-1
-1,-0.8432071664258822,-1
-1,-0.789757972969862,-1
1,-0.6517238892347994,-1
-1,-0.6503478341033915,-1
-1,-0.5397729554916821,-1
-1,-0.792265528125789,-1
-1,-0.6848041821869156,-1
-1,-0.6115402359793967,-1
-1,-0.741875176910188,-1
-1,-0.7378158873868924,-1
-1,-0.8630725167398969,-1
-1,-0.8840439969887017,-1
-1,-0.926472996264217,-1
1,0.5975657709720896,1
-1,-1.0638441780255032,-1
1,-0.2274781271163394,-1
-1,-0.7897844566188179,-1
-1,-0.6666720239671752,-1
-1,-1.0092862936647367,-1
-1,-0.18956938128606093,-1
-1,-0.6710148386077937,-1
1,0.05608967290799105,1
-1,-0.768763860924467,-1
-1,-0.7965384822878053,-1
-1,-0.8722949551452324,-1
-1,-1.032420525511493,-1
-1,-0.7506175049294215,-1
-1,-0.5947650684048171,-1
-1,-0.7812502615889068,-1
-1,-0.99504764121865,-1
1,-0.7387895068366473,-1
-1,-0.9002689698483003,-1
-1,-0.6032299988258536,-1
-1,-0.9760998997092389,-1
-1,-0.8294635777716506,-1
-1,-0.6818117306494069,-1
-1,-0.8966355988172168,-1
-1,-0.7944723317115022,-1
-1,-0.7281886362334585,-1
-1,-0.8341113970168801,-1
-1,-1.0889032832564456,-1
1,-0.24288565198543066,-1
-1,-0.7412325090841717,-1
-1,-0.8124864180029294,-1
-1,-1.0661574993742513,-1
-1,-0.33471903944609854,-1
-1,-0.9174245360088491,-1
-1,-0.6441108376809089,-1
-1,-0.3609276944869196,-1
-1,-1.095681041277083,-1
-1,-0.6274871331389241,-1
-1,-0.863399706995901,-1
-1,-0.4997826901147475,-1
-1,-0.9449177384644672,-1
-1,-0.6635561028173863,-1
-1,-0.7238435827505872,-1
-1,-0.9200858658018068,-1
-1,-0.8032196178947923,-1
-1,-0.8833753528545758,-1
-1,-0.8132053015628516,-1
-1,-0.1037384182848734,-1
-1,-0.7318688290082448,-1
1,-0.31859763512102135,-1
1,0.12377176121106714,1
-1,-0.9769133620354502,-1
-1,-0.5627658953860185,-1
-1,-0.91455273677305,-1
-1,-1.093741240845313,-1
1,0.4897709023662522,1
-1,-0.9206214981102947,-1
-1,-0.6975249806979836,-1
-1,-0.5928428252946041,-1
-1,-0.8501773599983455,-1
1,-0.773414998536203,-1
-1,-0.9734936456146044,-1
-1,-0.7079026858397374,-1
-1,-0.5414847021470982,-1
-1,-0.7284393957606664,-1
-1,-0.7125315960131725,-1
-1,-0.8556252450930846,-1
-1,-1.099409562635501,-1
-1,-0.835300953578062,-1
1,-0.27960048131892445,-1
-1,-1.076835716897818,-1
-1,-0.6570241998407649,-1
-1,-0.8792499992763199,-1
-1,-0.8680339691783727,-1
-1,-1.0625064669781679,-1
-1,-0.910752648644012,-1
1,1.0631991327690267,1
-1,-1.0875314896439676,-1
-1,-0.7487453657501094,-1
-1,-0.9203383475553668,-1
1,-0.08189223002485613,-1
-1,-0.5693410054202017,-1
-1,-0.8906013929166856,-1
-1,-0.8004834669962128,-1
-1,-0.7576882717220036,-1
-1,-0.979566647727685,-1
-1,-0.8239835271177439,-1
-1,-0.6293990564582532,-1
-1,-0.9048380293537609,-1
-1,-0.9468970756619901,-1
-1,-1.2883210555446252,-1
-1,-0.9069428426249643,-1
-1,-1.0830920812213125,-1
-1,-0.8186188145885658,-1
-1,-0.8356145670179816,-1
-1,-0.745440402033856,-1
-1,-0.891543505554858,-1
-1,-0.8464689650207715,-1
-1,-0.7391095151314591,-1
-1,-0.6691437286344764,-1
-1,-0.8497328487345156,-1
-1,-0.8458320053162491,-1
1,-0.31727165518462064,-1
-1,-0.87492024273104,-1
-1,-0.5469058166923206,-1
-1,-0.58629696254693,-1
-1,-0.666429593554198,-1
-1,-0.5981804117019749,-1
1,-0.6980852938953048,-1
-1,-0.7307814277833165,-1
-1,-0.998203970763659,-1
-1,-0.877739739240635,-1
-1,-0.6313141182752957,-1
-1,-0.9006114789744573,-1
1,-0.22989745549876495,-1
1,-0.2899187323670776,-1
-1,-0.8126410866100733,-1
1,-0.6517986880447106,-1
-1,-0.9706969903874305,-1
-1,-0.47873989947842577,-1
-1,-0.8683172419650054,-1
-1,-0.7563048194160322,-1
-1,-0.9066399130470042,-1
-1,-0.9318019837037852,-1
1,-0.5973161190183864,-1
-1,-1.0512863073732241,-1
-1,-0.7715726810400486,-1
-1,-0.6909623376711166,-1
-1,-0.7641392623264865,-1
-1,-0.4685091886590478,-1
-1,-0.6857876717884489,-1
-1,-1.0742314557821866,-1
-1,-1.0414742413059113,-1
1,-0.5556986867232858,-1
-1,-0.4571999908320442,-1
-1,-0.6133232555639363,-1
-1,-0.9836009895363076,-1
1,-0.39128766729145226,-1
-1,-0.6098136859208733,-1
1,-0.6745296674696732,-1
-1,-0.8388397803469094,-1
-1,-0.6439119293406685,-1
-1,-0.8003609284995797,-1
1,-0.4539018149134949,-1
-1,-0.9521732392834616,-1
-1,-0.5296860927655453,-1
-1,-1.0517408936005848,-1
-1,-0.9148915142745897,-1
-1,-1.0560413786982945,-1
-1,-0.7806340952195825,-1
-1,-0.690290381373267,-1
-1,-0.7983114982654088,-1
-1,-0.5927854868498872,-1
1,-0.695952686634222,-1
-1,-0.5618704302921821,-1
1,-0.563512746207897,-1
-1,-0.506810179126635,-1
1,0.22630985726429553,1
1,-0.27224919886515536,-1
-1,-0.5707272267277892,-1
-1,-0.5786766704190196,-1
-1,-0.5673912481939434,-1
-1,-0.6140668053459091,-1
-1,-0.6555898376503003,-1
1,-0.23766671457101085,-1
1,-0.027720080492708465,-1
-1,-1.092877464815658,-1
-1,-0.8928376502736228,-1
-1,-0.9031003464131551,-1
-1,-0.9710152086096779,-1
-1,-0.517346797945458,-1
-1,-0.9153332992320151,-1
-1,-0.935127066268157,-1
-1,-0.7481917846034252,-1
-1,-0.783918668509363,-1
-1,-0.9074421748369939,-1
-1,-1.0041130050942095,-1
-1,-0.658813678054857,-1
-1,-0.8720731578062046,-1
-1,-0.8627237861446327,-1
-1,-0.6572137606153724,-1
-1,-0.5831654016593217,-1
-1,-0.8402310684146969,-1
-1,-0.8032391041748904,-1
1,0.12714986721837584,1
-1,-0.6048663630571415,-1
1,-0.8943775084106479,-1
-1,-0.4400650060915759,-1
-1,-0.9503663058619066,-1
-1,-0.8078386765720282,-1
1,-0.5853679013141166,-1
-1,-0.8824453866244022,-1
-1,-0.5248919927495761,-1
-1,-0.8531618230152818,-1
-1,-0.6753082147251185,-1
-1,-0.7905213000225508,-1
-1,-0.9281336883352211,-1
-1,-0.7493180360342251,-1
-1,-0.9656310906470267,-1
-1,-0.9499733086902036,-1
-1,-0.7712783709867158,-1
-1,-0.7763626516355842,-1
-1,-1.0152088728656685,-1
-1,-0.7730335766512766,-1
1,-0.5868030969616207,-1
-1,-1.065611175242286,-1
-1,-0.6406743541957889,-1
-1,-0.5688996016663864,-1
-1,-1.037052388105839,-1
-1,-1.0367687141257367,-1
-1,-1.0252880543783254,-1
-1,-0.5257028580432407,-1
1,-0.3884937976388594,-1
-1,-0.925147323915722,-1
-1,-0.6577059144586201,-1
1,-0.5150239102181804,-1
-1,-0.8941682989577848,-1
-1,-1.0658770088793625,-1
-1,-0.37560981038425567,-1
-1,-0.8305799206568272,-1
-1,-0.493296153927642,-1
-1,-0.6932446299923398,-1
-1,-0.2424835535097566,-1
-1,-0.9305701736471933,-1
-1,-0.9607220319272297,-1
-1,-0.7073733914260665,-1
-1,-0.891040129214218,-1
-1,-0.9960211668182698,-1
-1,-1.0326026413260494,-1
-1,-0.7854149602163112,-1
1,0.520164457526753,1
-1,-0.7155099503415523,-1
1,-0.19774288971632892,-1
1,-0.2874763639887299,-1
1,-0.5193120692779785,-1
-1,-0.8646304630790806,-1
1,-0.533333382931888,-1
1,-0.19869650172853637,-1
-1,-0.769076393898276,-1
-1,-0.6104498282572823,-1
-1,-0.7460419195468441,-1
1,1.6771708096736593,1
-1,-0.6645685401671367,-1
-1,-1.0201611159288082,-1
-1,-0.8585649810542273,-1
-1,-0.7803808660947409,-1
1,-0.7194523749058475,-1
-1,-0.9052176468180045,-1
-1,-0.6956926167123636,-1
-1,-0.9341853659933039,-1
1,0.2496025865672885,1
1,-0.3533363059437907,-1
-1,-0.7920040986217209,-1
-1,-0.8231474867788312,-1
-1,-1.0209785625288381,-1
-1,-0.9445145060481704,-1
-1,-0.6725575606013079,-1
-1,-0.9401705660687965,-1
-1,-0.9627022346656434,-1
-1,-0.6794491726501707,-1
-1,-0.9308106659802603,-1
-1,-0.8949747781749318,-1
-1,-0.7475189088275932,-1
-1,-0.8873262247478241,-1
-1,-0.7732416020043055,-1
-1,-0.8742109366711509,-1
-1,-0.7257414739779554,-1
-1,-0.6393354575032244,-1
-1,-0.7385921468938748,-1
-1,-0.6438135378029447,-1
-1,-0.8637645285885032,-1
-1,-0.7051858805251086,-1
-1,-1.0387591015405135,-1
-1,-0.8225750337703867,-1
-1,-0.586861827642539,-1
-1,-0.6120478698577954,-1
-1,-0.8685127741347096,-1
-1,-0.875009513129984,-1
-1,-0.6432757333748956,-1
1,-0.2449430579396108,-1
-1,-0.821288502967882,-1
-1,-0.9302899005213882,-1
-1,-0.9508440837869772,-1
-1,-0.8167529653727966,-1
-1,-0.5864045420046757,-1
-1,-0.9129414403831407,-1
-1,-0.7386816486780724,-1
-1,-0.7342781692085779,-1
-1,-0.9372529348886252,-1
-1,-0.8467161682910948,-1
-1,-0.8415306711768981,-1
-1,-0.7129389672770983,-1
-1,-0.7041433588577443,-1
-1,-1.074045971830576,-1
-1,-0.8050371568341466,-1
-1,-0.6221827187475122,-1
-1,-0.9822759300142792,-1
-1,-0.7858435094763385,-1
-1,-0.7188525472972305,-1
-1,-0.9090702591951088,-1
-1,-0.818215025551317,-1
-1,-0.8822853014735366,-1
-1,-1.0031820906110889,-1
-1,-0.7211544817673976,-1
-1,-0.8515705783059797,-1
1,2.5002701977040633,1
1,0.14117828139158728,1
-1,-0.8714400752366027,-1
1,0.2740676601235015,1
-1,-0.8596081714963185,-1
-1,-0.5740906008194124,-1
-1,-1.1268719545633181,-1
-1,-0.9110770922571684,-1
-1,-0.7700328863803577,-1
-1,-0.6791100590225283,-1
-1,-0.7875556109795587,-1
-1,-0.8986786798715408,-1
1,0.07023064315961658,1
1,-0.46324276197579617,-1
-1,-0.9083212710250299,-1
-1,-0.8875343728499923,-1
-1,-0.8700538460444045,-1
-1,-0.16070727449434086,-1
1,-0.4008271961096761,-1
-1,-0.6120992368288118,-1
1,0.3275047323754505,1
-1,-0.7584659960016483,-1
-1,-0.8767286855859889,-1
-1,-0.46615261721205786,-1
-1,-0.7349597997268649,-1
-1,-0.5030231200830855,-1
1,-0.4266200982159133,-1
-1,-0.5943467281386932,-1
-1,-0.8878897874385561,-1
1,-0.37462894786254497,-1
-1,-0.7744697504444997,-1
-1,-0.6406357905329321,-1
-1,-0.750151821821565,-1
-1,-0.6597212571442336,-1
-1,-0.9045872694188251,-1
-1,-0.9476162240914211,-1
-1,-0.902494769041339,-1
-1,-0.915660745829445,-1
-1,-0.7941721269716266,-1
-1,-0.8533771142144402,-1
1,-0.8181297238697124,-1
-1,-0.7104044464723264,-1
-1,-0.8604867596657052,-1
-1,-0.8610426817793742,-1
-1,-0.8867021395077328,-1
-1,-0.9243418879717404,-1
-1,-0.28567990601003396,-1
-1,-0.21873647994076895,-1
-1,-0.6814684022459966,-1
-1,-0.7185538205385927,-1
-1,-0.8438864630880376,-1
-1,-0.7533188554625774,-1
-1,-0.8150114266830312,-1
-1,-0.9798384784446027,-1
-1,-0.6452024581514291,-1
-1,-0.7100879469814745,-1
-1,-1.0268255978468845,-1
-1,-0.7727301442119963,-1
-1,-0.8812260337432853,-1
-1,-0.9185063061428779,-1
-1,-0.7590674145907705,-1
-1,-1.0668944749075966,-1
-1,-0.6352760428526963,-1
1,-0.7245664090129481,-1
1,0.16072863276528004,1
-1,-1.0403688630704306,-1
-1,-0.919282332903168,-1
-1,-0.8729552599257976,-1
-1,-0.8548781458574181,-1
-1,-0.9017164100046065,-1
-1,-0.5029882401772057,-1
-1,-0.8070503357411861,-1
-1,-0.8047512287500309,-1
1,-0.4968364828882701,-1
-1,-0.4060876720929716,-1
-1,-0.6956743295048823,-1
-1,-0.4247936609025166,-1
-1,-0.8410152599331533,-1
-1,-0.8005616662761694,-1
-1,-0.9562907894369086,-1
-1,-0.9223227183828772,-1
-1,-0.8355522310206551,-1
-1,-0.8481779289781843,-1
-1,-0.8486616209240505,-1
-1,-0.8476048938255331,-1
-1,-0.5829291110892855,-1
-1,-0.9287173823172666,-1
-1,-0.854973146908638,-1
1,-0.5760779573892618,-1
-1,-0.4889417036410953,-1
-1,-0.8742858149773421,-1
-1,-0.6466108640860778,-1
1,1.2188021953960753,1
-1,-0.9243929111487834,-1
-1,-0.7409184873918062,-1
-1,-0.6966668509488314,-1
-1,-0.7867129987313982,-1
-1,-0.7234520638971509,-1
-1,-0.9256044413337479,-1
-1,-0.8441405081984535,-1
-1,-0.652209607047877,-1
1,-0.8242245399818778,-1
-1,-0.9656163868924835,-1
-1,-0.8429851622630727,-1
-1,-1.091132002373564,-1
-1,-0.7725753905078847,-1
-1,-0.5696257259883521,-1
-1,-0.5959140103439826,-1
-1,-0.5181187084240907,-1
1,1.2262536003547935,1
-1,-0.8467644309509622,-1
-1,-0.9344441622403685,-1
-1,-0.5011040276206408,-1
-1,-1.0612124775143341,-1
-1,-0.7471777426741082,-1
-1,-0.8462721152320184,-1
-1,-0.8790189038899625,-1
-1,-0.8273425168895969,-1
-1,-0.9376464183083205,-1
-1,-0.9086647799565747,-1
-1,-0.7489932622033375,-1
-1,-0.4125257835608691,-1
-1,-0.7990552021801901,-1
-1,-0.7707646369630231,-1
-1,-0.9741329056213271,-1
1,-0.569470755008137,-1
-1,-0.735970548239032,-1
-1,-0.6184399055527114,-1
1,0.4659929719732161,1
-1,-0.9128474908167412,-1
-1,-0.8526295449954493,-1
-1,-1.0370403184177173,-1
-1,-0.635670961557792,-1
-1,-0.35164250654422446,-1
-1,-0.666444401481115,-1
-1,-0.8849772323441544,-1
-1,-0.670384023115015,-1
-1,-1.0501103689206557,-1
-1,-0.4631443018343301,-1
-1,-0.8379682466864826,-1
-1,-0.9363018621214343,-1
-1,-0.9029539687540241,-1
-1,-0.9930756480118701,-1
1,-0.5078500938452527,-1
-1,-1.034453799507037,-1
1,-0.4944135696456241,-1
-1,-0.4015609743770932,-1
-1,-0.5682185347305203,-1
1,0.01543773849211727,1
-1,-0.9043926491350955,-1
-1,-1.0512158322206737,-1
-1,-0.599697676876231,-1
-1,-0.8318328845375008,-1
-1,-0.8184955950173789,-1
-1,-0.8858200924471094,-1
-1,-0.7392477309779479,-1
-1,-0.8439704679207981,-1
-1,-0.8084288944017842,-1
1,-0.14028373341975253,-1
1,0.786331563656405,1
1,-0.6770364715799878,-1
1,-0.5150715765567807,-1
-1,-0.7923447832663342,-1
-1,-0.5512961238765847,-1
-1,-0.7929846540493485,-1
-1,0.19267772183748588,1
-1,-0.9396850894710058,-1
-1,-0.5524354258514683,-1
-1,-0.62887815689608,-1
1,-0.5134431184818006,-1
-1,-0.5930640245700433,-1
-1,-0.7191351081531177,-1
1,-0.5799979745554517,-1
-1,-1.0723120197785714,-1
-1,-0.86034078727004,-1
-1,-1.0842395566314986,-1
-1,-0.6811195924873868,-1
1,-0.5397855694511718,-1
-1,-0.7300639573249516,-1
-1,-0.6948068145593741,-1
1,0.30903094052298297,1
-1,-0.23362640446843652,-1
-1,-1.0715248498412087,-1
-1,-0.6113269563631548,-1
-1,-0.7905506575885953,-1
-1,-0.568911062952401,-1
1,-0.44336997411995716,-1
-1,-1.0698927979634116,-1
1,-0.2652945628017124,-1
-1,-0.8927297071482916,-1
-1,-0.938771122284344,-1
-1,-0.6732885907203372,-1
-1,-0.5233460605499395,-1
1,-0.5948061599808645,-1
-1,-0.8079606256833034,-1
-1,-0.8407081551971824,-1
-1,-1.0507234345113177,-1
-1,-0.8877011790486755,-1
-1,-0.6751146256771046,-1
-1,-0.8032328750429522,-1
-1,-0.023782331476233765,-1
-1,-0.6276710952961525,-1
1,-0.5382529914203249,-1
-1,-1.085295716295009,-1
-1,-0.7633671304972259,-1
-1,-0.8352251273967248,-1
1,-0.5147373104008679,-1
-1,-0.684322110768308,-1
-1,-0.6777708584556432,-1
1,-0.5016922614216491,-1
-1,-0.8528683448837614,-1
-1,0.2661220934752182,1
-1,-0.8254180682890454,-1
1,-0.7426515100132536,-1
-1,-0.9727262500304007,-1
-1,-0.8008618780021596,-1
-1,-0.6358434092795444,-1
-1,-0.7678160436331718,-1
-1,-0.7366560367173539,-1
-1,-0.9684846394454177,-1
1,-0.6052392310756353,-1
-1,-0.6479920763428226,-1
1,-0.22415550538677098,-1
1,-0.592902455168091,-1
-1,-0.9250625186971807,-1
-1,-1.0676382685028918,-1
-1,-0.6989593776442181,-1
-1,-0.9162352648687869,-1
-1,-0.7079754830798297,-1
-1,-0.7557984347481567,-1
-1,-1.0716722392080413,-1
-1,-0.8181976328871942,-1
-1,-0.7563833234160355,-1
-1,-0.8703250166455951,-1
1,-0.508257707158185,-1
-1,-0.708279823555164,-1
-1,-0.9838183280045298,-1
-1,-1.113812041820497,-1
1,-0.6623216704417062,-1
-1,-0.8583747706355342,-1
-1,-0.7540792432310967,-1
-1,-0.7008443744975372,-1
1,-0.3740970446415964,-1
-1,-0.9324570742184193,-1
-1,-1.0791949183528127,-1
-1,-0.70480657365003,-1
-1,-0.8483798751114231,-1
-1,-0.7391269640647958,-1
-1,-0.5860733024339757,-1
1,-0.4272240002417572,-1
-1,-0.8046789331182087,-1
1,0.47754119575148013,1
-1,-1.0344856354699679,-1
-1,-0.8576277914881644,-1
-1,-0.7322609530688495,-1
-1,-0.6983158973831394,-1
-1,-0.8580971866961218,-1
-1,-0.8509135460114107,-1
-1,-0.9373049447949371,-1
-1,-0.6956320457312376,-1
1,-0.6863183832361062,-1
-1,-0.8745371497037266,-1
1,-0.7648245138575205,-1
-1,-1.0881132442306864,-1
-1,-0.6943321398626617,-1
-1,-0.8704935021950181,-1
1,-0.11375062786271495,-1
-1,-0.4814202124004961,-1
-1,-0.7961245317491666,-1
-1,-0.9264436079542798,-1
-1,-0.6962392968292013,-1
1,-0.3557141317919092,-1
-1,-0.8730743943331252,-1
1,0.025206000849625765,1
-1,-0.8207283767437561,-1
-1,-0.9698694933758316,-1
-1,-0.7288858195747597,-1
-1,-0.9000507118506758,-1
-1,-1.0480731551411253,-1
-1,-0.46336953321725205,-1
-1,-0.6988587533331503,-1
-1,-0.8835472613383011,-1
-1,-0.38353121889503633,-1
-1,-0.6810526908094338,-1
-1,-0.6944333983515072,-1
-1,-0.8997429169448052,-1
1,-0.6286167179350226,-1
1,-0.6734394664013389,-1
-1,-0.7337093049781374,-1
-1,-0.8467481088992479,-1
-1,-0.7930255477704521,-1
-1,-0.658936182827037,-1
-1,-0.9044304805555872,-1
-1,-0.9457507584120687,-1
-1,-0.6761946446732928,-1
1,-0.3316858996163171,-1
-1,-0.45099604808000526,-1
-1,-0.9609109426770954,-1
-1,-0.9398595580105557,-1
-1,-0.9707450511919953,-1
-1,-0.7395581925480547,-1
-1,-0.7798104374865747,-1
-1,-0.8117788570821688,-1
-1,-1.0480775175101478,-1
-1,-1.0288723779074624,-1
-1,-0.6539867919959371,-1
1,-0.7204349428157516,-1
-1,-0.8999023153490389,-1
-1,-0.8936267977274033,-1
-1,-0.6393127874052102,-1
1,-0.2256836598941493,-1
1,-0.6443027547569015,-1
-1,0.0827845383597755,1
-1,-0.8925530650552648,-1
-1,-0.7483144051236168,-1
-1,-0.5271706154017148,-1
-1,-1.046312813589421,-1
-1,-0.7290383275442341,-1
-1,-0.7647106058533413,-1
-1,-0.8065227598537558,-1
-1,-0.6837525063247224,-1
-1,-0.8222198069089529,-1
-1,-0.5631505178869636,-1
-1,-0.61105137399488,-1
-1,-0.9095162647478848,-1
-1,-0.7791811981003267,-1
-1,-0.9427349636584272,-1
-1,-0.9553346658719049,-1
-1,-0.6777138384629254,-1
-1,-0.783422524359958,-1
-1,-0.8525821924739847,-1
-1,-1.105921712011237,-1
-1,-0.848879568443772,-1
-1,-0.9250476251858686,-1
-1,-1.0952369582852304,-1
-1,-0.5887756778108028,-1
-1,-0.8563084024257617,-1
-1,-0.6937635308780997,-1
-1,-0.8175520825275022,-1
1,0.21720091780328032,1
-1,-1.021332702797666,-1
-1,-0.8858941777064173,-1
1,-0.03679296538228294,-1
-1,-0.6494223334246664,-1
-1,-0.48287988055264397,-1
-1,-0.8581830181861237,-1
-1,-0.7038323733719596,-1
-1,-0.6581082429809693,-1
-1,-0.856433352830292,-1
-1,-0.8330082354136251,-1
-1,-1.0798340399536328,-1
-1,-0.6635726834366649,-1
1,-0.5039376356312975,-1
-1,-0.8563253088847743,-1
-1,-0.9611687524676903,-1
-1,-0.8888770896402844,-1
1,-0.5941008758144033,-1
-1,-0.8906383016778051,-1
-1,-0.9741453816032127,-1
-1,-0.5061930997584689,-1
-1,-0.5519767128428402,-1
-1,-0.6880479020313164,-1
1,-0.1978912582107959,-1
-1,-0.803524912098584,-1
1,1.1469879584574643,1
-1,-0.7000288209993772,-1
-1,-0.6530841878206475,-1
-1,-1.0202944740168391,-1
-1,-0.7427187501007024,-1
-1,-1.1204947917450203,-1
1,-0.28978595618013336,-1
1,-0.12440046606835975,-1
-1,-0.6586168472182214,-1
-1,-0.7436737715056233,-1
-1,-1.049425740160474,-1
-1,-0.7509063762211409,-1
-1,-0.49196135687822196,-1
-1,-0.878291648980918,-1
1,-0.5498693516034189,-1
-1,-0.928282367668824,-1
-1,-0.766956235890591,-1
-1,-0.6242201056372059,-1
-1,-0.750390937599166,-1
-1,-0.9077170242728828,-1
1,-0.7099397346397788,-1
-1,-0.8767727247221488,-1
1,-0.48830222540039264,-1
-1,-0.8673152998019696,-1
-1,-1.052366932003817,-1
-1,-0.8897178090986794,-1
-1,-0.9277974178219646,-1
-1,-0.9056173656264289,-1
-1,-0.3225009106127263,-1
-1,-0.555528291232756,-1
-1,-0.8101388992628648,-1
-1,-0.961218746552601,-1
-1,-0.9036535139362889,-1
1,-0.6637654896055292,-1
-1,-0.6748141819486679,-1
-1,-0.39302411294241085,-1
-1,-0.6712750619264812,-1
-1,-0.8519942760444896,-1
-1,-0.8403465497421814,-1
-1,-0.6538164884672608,-1
1,0.9309548729372898,1
-1,-0.5062273500430038,-1
-1,-0.7229650347106881,-1
1,-0.6278293933307078,-1
-1,-0.7110001860337395,-1
-1,-0.8132497102600673,-1
1,-0.8003259819755437,-1
-1,-0.8693562923489835,-1
-1,-0.8637921091642039,-1
-1,-1.0180577669961561,-1
-1,-0.849315724599459,-1
-1,-0.7820602710142429,-1
-1,-0.4456946928828158,-1
-1,-0.7422270007588627,-1
-1,-0.6848853459718754,-1
-1,-1.000584718049179,-1
-1,-0.7047063475759265,-1
1,-0.5230329088885289,-1
-1,-1.1204395364806445,-1
-1,-0.7348497605493045,-1
-1,-0.7442684389766341,-1
-1,-0.795693955471629,-1
-1,-0.8460261701017959,-1
-1,-1.0929861536906018,-1
1,0.5614834275407754,1
-1,-0.8168312446298805,-1
-1,-0.6998317995982497,-1
-1,-0.6715866018237348,-1
-1,-0.7528373189545094,-1
-1,-0.7500946215676484,-1
-1,-0.9472242433490976,-1
-1,-0.6564165999134766,-1
-1,-0.8610290840726813,-1
1,-0.42095540636121664,-1
-1,-0.7984674736280194,-1
-1,-0.8262657181230154,-1
1,-0.45873250457484327,-1
-1,-0.8337051717464972,-1
-1,-0.7491486943829904,-1
-1,-0.7190839254591099,-1
-1,-0.9214729362862364,-1
-1,-1.0878527491672765,-1
-1,-0.7848197024465793,-1
-1,-0.23890995709513652,-1
-1,-0.6541745508066689,-1
-1,-0.9016631374271725,-1
-1,-0.8296993192934579,-1
-1,-1.0412015742526672,-1
-1,-0.8229226908445865,-1
1,-0.33676704986438327,-1
-1,-0.9322198051654844,-1
-1,-0.89760161212519,-1
-1,-1.0595307492374075,-1
-1,-0.6786552454903451,-1
-1,-0.8461052192787778,-1
1,-0.7341433621685399,-1
-1,-0.8969761044987646,-1
-1,-0.959409690888675,-1
-1,-0.9596666187025229,-1
-1,0.8283631588424849,1
-1,-0.8777611724930464,-1
-1,-0.5821922885080602,-1
-1,-0.8473988281387086,-1
-1,-0.825367074830331,-1
-1,-0.7934299376362173,-1
-1,-0.5871536645702591,-1
-1,-0.28970329611786144,-1
-1,-0.7581339832868043,-1
-1,-0.8207328786771575,-1
-1,-0.10354521581200982,-1
-1,-0.8033919007588025,-1
-1,-0.6401656055535769,-1
-1,-0.6761208574684556,-1
-1,-0.9232301247723308,-1
-1,-0.8210939885250462,-1
-1,-0.551923796952289,-1
-1,-1.0881132442306864,-1
-1,-0.8275880662642604,-1
-1,-0.6900257214635911,-1
-1,-0.6291306305888658,-1
-1,-0.7455581784176145,-1
-1,-0.9195886258081114,-1
-1,-0.33473519369270543,-1
-1,-0.7810448326189251,-1
-1,-0.880003713587932,-1
1,0.10475827222153244,1
-1,-0.8125269891078589,-1
-1,-0.7199104761280051,-1
-1,-0.6186506017977531,-1
-1,-0.9517620426715543,-1
1,0.29701137650497733,1
1,0.14177663260127937,1
-1,-0.6500863663659171,-1
-1,-0.8431531306570161,-1
-1,-0.714420953842424,-1
-1,-0.8502480880936256,-1
-1,-0.6276958263511081,-1
-1,-0.7311017651429558,-1
-1,-0.8308527807416705,-1
-1,-0.5671223560155054,-1
-1,-0.7509592625881377,-1
-1,-0.8552023087625252,-1
-1,-0.990215588761117,-1
-1,-0.911453929054715,-1
-1,-0.7706803170024733,-1
-1,-0.6494961263584506,-1
-1,-0.962362232110366,-1
-1,-0.7338554123340796,-1
-1,-1.0650344808516503,-1
-1,-1.1227812747536117,-1
-1,-0.6775714643465323,-1
-1,-0.8269854982234671,-1
-1,-0.95363135125885,-1
-1,-0.6319936922879862,-1
-1,-0.9584693159580983,-1
-1,-0.18185606205816296,-1
-1,-0.7537251128136999,-1
-1,-0.46560827489429313,-1
1,0.24782715955568702,1
-1,-0.8663060091925092,-1
1,-0.2442945356261984,-1
-1,-0.7882858065630586,-1
-1,-0.7590774478358643,-1
-1,-0.617649119639418,-1
-1,-0.7248100033724657,-1
1,-0.1964276724050551,-1
-1,-0.9124149828391106,-1
-1,-0.7202435137799061,-1
-1,-0.7619430122901606,-1
1,-0.7814107038376754,-1
-1,-0.6899376291967392,-1
-1,-0.8884990955116445,-1
-1,-0.8555897926799695,-1
-1,-0.8751212019153544,-1
-1,-0.8005074695874478,-1
1,-0.5394817340000638,-1
-1,-0.905137461000876,-1
-1,-0.7761660740321223,-1
-1,-0.9657619064689402,-1
-1,-0.8109966108502569,-1
1,-0.7769489348602383,-1
-1,-0.6131650883291742,-1
-1,-0.9065965421581261,-1
-1,-0.875922977249867,-1
1,-0.5631315663389369,-1
1,-0.5598608296589933,-1
-1,-1.075234795432973,-1
-1,-0.4591549066316116,-1
-1,-0.16621002297005094,-1
1,-0.11686410335476838,-1
-1,-0.7460091731137545,-1
-1,-0.8923065626034209,-1
-1,-0.5471008816191394,-1
-1,-0.8254320143681072,-1
1,-0.2348600796823953,-1
-1,-0.8972490746132186,-1
-1,-1.0041171483959008,-1
1,-0.4549786229788863,-1
1,-0.5246514998291125,-1
-1,-0.6891344485529877,-1
-1,-0.6763940262692248,-1
-1,-0.6630315633174569,-1
-1,0.09319343399873314,1
-1,-0.6178776598911815,-1
-1,-0.8942329867752938,-1
-1,-0.7400369208288945,-1
-1,-0.7989082755788504,-1
1,0.1549965570712506,1
-1,-0.8329700994888571,-1
-1,-0.6807212701584401,-1
-1,-0.5545984034790099,-1
-1,-0.8870597470685058,-1
-1,-0.7858696384976483,-1
-1,-0.9086277947910413,-1
1,-0.2611089749557597,-1
-1,-0.7297936848547051,-1
-1,-1.1021475611324674,-1
-1,-0.7950704449992991,-1
-1,-0.7484057601238603,-1
-1,-0.11307748294154318,-1
-1,-0.769241721781249,-1
-1,-0.7530582486603767,-1
-1,-0.8102356735580623,-1
-1,-0.7399887425605851,-1
-1,-0.8436295747897385,-1
1,-0.6608089472616444,-1
-1,-1.0236579554390737,-1
-1,-0.7633039456748392,-1
-1,-0.8406219224236833,-1
-1,-0.7584698120846705,-1
-1,-0.2500412407846323,-1
-1,-0.7938252545199174,-1
-1,-1.02603600283683,-1
1,1.1426095428028538,1
-1,-0.6475008990951102,-1
1,0.8681191569525402,1
-1,-0.7346174355659486,-1
-1,-0.9154027720586004,-1
-1,-1.0398529859369252,-1
-1,-0.8393188709877869,-1
-1,-0.3343254046631931,-1
-1,-1.0573572289538788,-1
-1,-0.8449806906253069,-1
-1,-0.8253492557017539,-1
-1,-0.7317946599395077,-1
-1,0.20456327446087863,1
-1,-0.9535176574618651,-1
-1,-0.5620312176937557,-1
-1,-0.8019769257973625,-1
-1,-0.7070463339989249,-1
-1,-0.37773436826874596,-1
-1,-0.9170078290129474,-1
-1,-1.0370704296493436,-1
-1,-0.7903076109260034,-1
-1,-0.7032196125186542,-1
-1,-0.6310272727230781,-1
-1,-0.7467848079365199,-1
-1,-1.0556234893793195,-1
-1,-0.5127690567062464,-1
-1,-0.8783200145810248,-1
-1,-0.6620488694450608,-1
-1,-0.7094878789913968,-1
-1,-1.0487765867394903,-1
-1,-1.117722219095393,-1
-1,-0.7882289759998609,-1
-1,-0.7491440362082483,-1
-1,-0.9091984521738509,-1
-1,-0.6678858210312101,-1
-1,-0.8660667168126477,-1
-1,-0.6590593500567584,-1
-1,-0.8509601298685404,-1
1,-0.19603622466766957,-1
-1,-0.8800953370111988,-1
-1,-0.6829181028589325,-1
-1,-1.0663678863298176,-1
-1,-0.7220036980132636,-1
1,-0.4171485016443519,-1
-1,-0.8882352499835771,-1
-1,-0.7523212118246043,-1
-1,-0.7394528772671202,-1
1,-0.2786015872836006,-1
-1,-0.785768920448456,-1
-1,-0.8602068904172753,-1
1,0.286456103386991,1
-1,-0.6777265801476403,-1
-1,-0.9169948226215507,-1
-1,-0.8625760813811875,-1
-1,-0.8287541108412679,-1
-1,-0.8537809543242044,-1
-1,0.4172397076469574,1
-1,-0.9846249938214104,-1
-1,-0.9046106110814705,-1
-1,-0.8922071323293543,-1
-1,-0.8571316367265123,-1
1,-0.3790603767570354,-1
-1,-0.356757462535633,-1
1,-0.44599314559679293,-1
-1,-0.788767409546264,-1
-1,-0.8897133532549444,-1
-1,-0.8174615903819511,-1
-1,-0.8384654585999889,-1
-1,-1.0514626665624145,-1
-1,-0.8127909006700547,-1
-1,-1.0810800488421743,-1
-1,-0.9077981403307971,-1
-1,-0.9947038770771272,-1
-1,-0.6333757112001779,-1
1,3.4977035649452333,1
-1,-0.44847291773581466,-1
-1,-0.8626553767095967,-1
-1,-0.8173193727049991,-1
-1,-0.9374505997412811,-1
-1,-1.0939815597381386,-1
-1,-0.904927210890053,-1
-1,-0.6997452318912195,-1
-1,-0.8220307521786585,-1
-1,-0.6591765862516128,-1
-1,-0.7812834759035174,-1
1,1.4359073305957881,1
-1,-0.8621256711751961,-1
-1,-0.7624384500224552,-1
-1,-0.6328285074659732,-1
1,-0.4573545285263194,-1
1,-0.16598073907170485,-1
-1,-1.0745769554169553,-1
-1,-0.6414721938091417,-1
-1,-0.6251871640863522,-1
1,-0.7256184969451501,-1
1,-0.42258520857276316,-1
1,-0.331106462491145,-1
-1,-0.9666104852913773,-1
-1,-0.5318329800054044,-1
-1,-0.8021906442251985,-1
-1,-0.8649531278334778,-1
-1,-0.9396705458253427,-1
-1,-0.8343738511929182,-1
1,-0.20089014008445527,-1
-1,-1.0501103689206557,-1
1,0.221104477679831,1
-1,-0.7306127105570004,-1
-1,-0.5752932485734197,-1
-1,-0.5571842261550745,-1
-1,-0.6921592679058551,-1
-1,-0.7581543254868335,-1
-1,-0.8841875383506003,-1
-1,-0.7798510722394382,-1
-1,-0.931751080739345,-1
1,-0.6851353632167533,-1
-1,-1.0668944749075966,-1
-1,-0.795182773705535,-1
-1,-1.0535657214527687,-1
-1,-0.8614300307374675,-1
-1,-0.7785410088242881,-1
-1,-0.7121636451167288,-1
-1,-0.6988041409469459,-1
-1,-0.7190040119593171,-1
-1,-0.8677354252901768,-1
-1,-0.8817358720030314,-1
-1,-0.6199645753303147,-1
-1,-0.9481312191134355,-1
-1,-0.8834502274069563,-1
-1,-1.0783857564163126,-1
-1,-0.8965961031470076,-1
-1,-0.834702541745186,-1
-1,-0.6737498011680788,-1
-1,-0.8952894734533948,-1
-1,-0.8873286894812337,-1
1,0.6062324966062085,1
-1,-1.0529852221857796,-1
-1,-0.8764313767612464,-1
-1,-0.38068689847542664,-1
-1,-0.7957978589180624,-1
-1,-0.8540081237742195,-1
-1,-0.9965138883423037,-1
-1,-0.8190455993578655,-1
-1,-0.8456190270151928,-1
-1,-1.0318832517936054,-1
-1,-0.9191855564435363,-1
-1,-0.3934801865758428,-1
-1,-0.7962215956391222,-1
1,-0.34419016009110387,-1
-1,-0.8794815195156371,-1
-1,-0.6856256668760564,-1
-1,-0.7308967522508251,-1
-1,-0.739647465345426,-1
-1,-0.8498617061315745,-1
-1,-0.7956540864640175,-1
-1,-0.8540913884750988,-1
-1,-0.8206084690494866,-1
1,0.38770993849403657,1
-1,-0.9139940034501471,-1
1,-0.4190092087487063,-1
-1,-0.8912329189312332,-1
-1,-0.8541069115750946,-1
-1,-1.094740738890834,-1
-1,-0.8091764803462151,-1
-1,-0.8216696901609621,-1
-1,-0.6106596271504108,-1
-1,-1.0129239153838274,-1
1,-0.7717385000010701,-1
-1,-0.8977073382063397,-1
-1,-0.6324628209058112,-1
1,-0.5481433463411396,-1
-1,-0.6293520734655165,-1
1,-0.10483295479073673,-1
-1,-1.0600385264247505,-1
-1,-0.8432571014503093,-1
-1,-0.7798699042658475,-1
-1,-0.5819264938142481,-1
-1,-0.8277669698638059,-1
-1,-0.8109486975049682,-1
-1,-1.0668918323376162,-1
1,-0.919236571774779,-1
-1,-0.4606917735768841,-1
-1,-0.9544716858803157,-1
-1,-0.9586485133004117,-1
-1,-0.9205886538597707,-1
-1,-0.7681607094264845,-1
-1,-0.9651652256287497,-1
-1,-1.0612996974381645,-1
-1,-0.8630686505417722,-1
-1,-0.7403768138929865,-1
-1,-1.0914287082532783,-1
-1,-0.7845283118690742,-1
-1,-0.2570543636903868,-1
-1,-0.8566315056018114,-1
-1,-0.736039259285357,-1
-1,-1.0158618242980622,-1
-1,-0.8896697139126791,-1
-1,-0.8563499438579504,-1
-1,-0.8689267323727443,-1
-1,-0.49013442518806605,-1
-1,-0.7009527960570504,-1
-1,-0.7679073102002816,-1
-1,-0.8121429756084864,-1
-1,-0.9227975715834882,-1
-1,-1.0930561513515058,-1
-1,-0.8512238415121973,-1
1,5.724727970176207,1
-1,-0.8198550945050151,-1
-1,-1.1014312578880028,-1
-1,-0.9189475121053691,-1
-1,-1.0823401930353644,-1
-1,-0.5328651083071827,-1
-1,-0.7609325198661786,-1
-1,-0.6945485217556352,-1
